<?xml version="1.0" encoding="UTF-8"?>  
<toolbox>  
  <tool>  
    <key>date</key>  
    <scope>request</scope>  
    <class>  
      org.apache.velocity.tools.generic.DateTool  
    </class>  
    <parameter name="format" value="yyyy-MM-dd HH:mm:ss"/>  
  </tool>  
  <tool>  
    <key>link</key>  
    <scope>request</scope>  
    <class>org.apache.velocity.tools.view.tools.LinkTool</class>  
  </tool>  
  <tool>  
    <key>stringUtils</key>  
    <scope>request</scope>  
    <class>org.apache.velocity.util.StringUtils</class>  
  </tool>  
  <tool>  
    <key>math</key>  
    <scope>application</scope>  
    <class>org.apache.velocity.tools.generic.MathTool</class>  
  </tool>  
  <tool>  
    <key>esc</key>  
    <scope>request</scope>  
    <class>org.apache.velocity.tools.generic.EscapeTool</class>  
  </tool>  
  <tool>  
    <key>params</key>  
    <scope>request</scope>  
    <class>org.apache.velocity.tools.view.tools.ParameterParser</class>  
  </tool>  
</toolbox>  